,cleaned_review
0,i love this app it is so useful and easy to use
1,terrible experience the app crashes all the time
2,decent app but needs improvement in the ui
3,fantastic this app has changed my life
4,the app is okay but it lacks many features
5,worst app ever it is full of bugs
6,excellent functionality and userfriendly design
7,not bad but there are better alternatives out there
8,im very satisfied with this app highly recommended
9,the app is slow and unresponsive at times
10,good app but it could use some updates
11,i had a bad experience the customer support is unhelpful
12,amazing app very intuitive and efficient
13,its an average app nothing special
14,ive been using this app for months and i love it
15,disappointed the app doesnt work as advertised
16,pretty good app but theres room for improvement
17,i wouldnt recommend this app to anyone
18,the app is great but it crashes occasionally
19,very pleased with this app it meets all my needs
20,this app exceeded my expectations
21,the interface is cluttered and confusing
22,great app but a bit overpriced
23,very buggy needs a lot of improvements
24,the customer service was excellent
25,i found this app to be very intuitive
26,not worth the money i want a refund
27,the best app in its category
28,the latest update broke many features
29,highly useful for my daily tasks
30,i encountered frequent crashes
31,very satisfied with the performance
32,the design is sleek and modern
33,the app is not compatible with my device
34,i love the new features in the latest update
35,the app drains my battery quickly
36,userfriendly and efficient
37,too many ads make it unusable
38,reliable and performs well
39,the app is okay but needs more features
40,its good but i had higher expectations
41,ive had a smooth experience so far
42,not intuitive at all very complicated
43,one of the best apps ive used
44,the app often freezes and crashes
45,helpful customer support
46,the app doesnt have enough tutorials
47,fantastic performance and reliability
48,i wouldnt use any other app
49,the app could use a dark mode
